product,price
Podium Big Size,479.00
Stationbox,190.00
Stationbox Pro,399.99
DUALSHOCK 4 Wireless Controller,54.90
Accessories for unlimited gaming experience,54.90
Sneaker shoes,79.90
Sleeveless shirt,38.00
Ladies Sports Jacket,55.00
Premium Blue Jeans,109.90
6-pc dining table,636.65
Ball Chair,1869.15
Lounge Chair,1619.10
Cube chair,1799.10
CHRONOGRAPH watch,24110.00
Touch Expert Solar,969.00
The blue,489.00
Supreme white ball,1.90
Soccer Football,23.90
Trainer Ball,59.90
Official game ball,59.90
TANGO BALL,59.90
Evolution High School Game Basketball,20.90
Sunglasses Aero,139.00
ORIGINAL COLLECTION,149.00
Custom Sunglasses,179.00
The tablet,319.00
AiryPods,999.00
Phone Minus,878.00
$10 Virtual Gift Card,10.00
$25 Virtual Gift Card,25.00
$50 Virtual Gift Card,50.00
$100 Virtual Gift Card,100.00
The novel,16.99
Heaven: A Novel,22.99
Best Grilling Recipes,27.00
Learning to cook,27.00
Picture Atlas Motorcycles: With more than 350 brilliant images,14.99
The Car Book. The great history with over 1200 models,29.95